{
  "model": {
    "type": "minecraft:select",
    "property": "minecraft:component",
    "component": "minecraft:custom_data",
    "cases": [{
  "when": "{tag:\"pack\", type:\"Plain\"}",
  "model": {
    "type": "minecraft:model",
    "model": "minecraft:item/pack_plain"
  }
},{
  "when": "{tag:\"pack\", type:\"Crop\"}",
  "model": {
    "type": "minecraft:model",
    "model": "minecraft:item/pack_crop"
  }
},{
  "when": "{tag:\"pack\", type:\"Cave\"}",
  "model": {
    "type": "minecraft:model",
    "model": "minecraft:item/pack_cave"
  }
},{
  "when": "{tag:\"pack\", type:\"Brine\"}",
  "model": {
    "type": "minecraft:model",
    "model": "minecraft:item/pack_brine"
  }
},{
  "when": "{tag:\"pack\", type:\"Split\"}",
  "model": {
    "type": "minecraft:model",
    "model": "minecraft:item/pack_split"
  }
},{
  "when": "{tag:\"pack\", type:\"Shade\"}",
  "model": {
    "type": "minecraft:model",
    "model": "minecraft:item/pack_shade"
  }
},{
  "when": "{tag:\"pack\", type:\"Hot\"}",
  "model": {
    "type": "minecraft:model",
    "model": "minecraft:item/pack_hot"
  }
},{
  "when": "{tag:\"pack\", type:\"End\"}",
  "model": {
    "type": "minecraft:model",
    "model": "minecraft:item/pack_end"
  }
},{
  "when": "{tag:\"deck\"}",
  "model": {
    "type": "minecraft:model",
    "model": "minecraft:item/deck"
  }
}],
    "fallback": {
      "type": "minecraft:model",
      "model": "minecraft:item/card"
    }
  }
}