{
  "parent": "minecraft:item/generated",
  "textures": {
    "layer0": "minecraft:item/pistol"
  },
  "display": {
"thirdperson_righthand": {
  "rotation": [ -90, 0, 180 ],
  "translation": [ -3, 2, 4.5 ],
  "scale": [ 0.85, 0.85, 0.85 ]
},
"thirdperson_lefthand": {
  "rotation": [ -90, 0, 0 ],
  "translation": [ -3, 2, 4.5 ],
  "scale": [ 0.85, 0.85, 0.85 ]
},
"firstperson_righthand": {
  "rotation": [ 0, -90, 180 ],
  "translation": [ -2, 4, 2 ],
  "scale": [ 0.68, 0.68, 0.68 ]
},
"firstperson_lefthand": {
  "rotation": [ 0, -90, 0 ],
  "translation": [ -2, 4, 2 ],
  "scale": [ 0.68, 0.68, 0.68 ]
}
}