{
  "parent": "item/generated",
  "textures": {
    "layer0": "item/pistol"
  },
  "display": {
    "thirdperson_righthand": {
      "rotation": [0, 90, 0],
      "translation": [0, -1.5, 0],
      "scale": [0.8, 0.8, 0.8]
    },
    "thirdperson_lefthand": {
      "rotation": [0, -90, 0],
      "translation": [0, -1.5, 0],
      "scale": [0.8, 0.8, 0.8]
    },
    "firstperson_righthand": {
      "rotation": [0, 90, 0],
      "translation": [0, 1.5, -1],
      "scale": [0.8, 0.8, 0.8]
    },
    "firstperson_lefthand": {
      "rotation": [0, -90, 0],
      "translation": [0, 1.5, -1],
      "scale": [0.8, 0.8, 0.8]
    }
  }
}
