{
  "parent": "minecraft:item/generated",
  "textures": {
    "layer0": "minecraft:item/pistol"
  },
  "display": {
    "thirdperson_righthand": {
      "rotation": [0, 90, 0], 
      "translation": [0, -1.5, 0],
      "scale": [1.0, 1.0, 1.0] 
    },
    "thirdperson_lefthand": {
      "rotation": [0, -90, 0],
      "translation": [0, -1.5, 0],
      "scale": [1.0, 1.0, 1.0]
    },
    "firstperson_righthand": {
      "rotation": [0, 90, 0],
      "translation": [0, -1.5, 0],
      "scale": [1.0, 1.0, 1.0]
    },
    "firstperson_lefthand": {
      "rotation": [0, -90, 0],
      "translation": [0, -1.5, 0],
      "scale": [1.0, 1.0, 1.0]
    }
  }
}