{
  "parent": "item/generated",
  "textures": {
    "layer0": "item/pistol"
  },
 "display": {
 "thirdperson_righthand": {
 "rotation": [ -108, 28, 170 ],
 "translation": [ -3.95, 1.9, 4.87 ],
 "scale": [ 0.85, 0.85, 0.85 ]
 },
 "thirdperson_lefthand": {
 "rotation": [ -108, 28, 80 ],
 "translation": [ -3.95, 1.9, 4.87 ],
 "scale": [ 0.85, 0.85, 0.85 ]
 },
 "firstperson_righthand": {
 "rotation": [ 0, -23, 113.5 ],
 "translation": [ -2.13, 3.9, 1.90 ],
 "scale": [ 0.68, 0.68, 0.68 ]
 },
 "firstperson_lefthand": {
 "rotation": [ 0, -23, 23.5 ],
 "translation": [ -2.13, 3.9, 1.90 ],
 "scale": [ 0.68, 0.68, 0.68 ]
 }
}
