{
  "parent": "item/generated",
  "textures": {
    "layer0": "item/pistol"
  },
 "display": {
"thirdperson_righthand": {
  "rotation": [ -90, 0, 180 ],
  "translation": [ -2, 1.5, 4 ],
  "scale": [ 0.85, 0.85, 0.85 ]
},
"thirdperson_lefthand": {
  "rotation": [ -90, 0, 0 ],
  "translation": [ -2, 1.5, 4 ],
  "scale": [ 0.85, 0.85, 0.85 ]
},
"firstperson_righthand": {
  "rotation": [ 0, -90, 200 ],
  "translation": [ 1.5, 2, -3 ],
  "scale": [ 0.9, 0.9, 0.9 ]
},
"firstperson_lefthand": {
  "rotation": [ 0, -90, 20 ],
  "translation": [ 1.5, 2, -3 ],
  "scale": [ 0.9, 0.9, 0.9 ]
}

}
